,Company Name,Phone Number,Email
0,"The Lykos Group, Inc.",(239) 594-8510,N/A
1,Artisan Building and Development Inc.,(239) 791-4258,N/A
2,CounterTops and More - Naple,(239) 734-8677,N/A
3,Countertop Solution,(239) 961-0663,N/A
4,Coastal Stone Countertops & Flooring,(239) 596-7700,N/A
5,Granite Countertops Naples FL,(239) 289-5000,info@kunstlerstone.com
6,Rock Solid Countertops & More,(239) 596-7676,N/A
7,Salvia Tile & Stone,(239) 643-7770,store@salviastone.com
8,Counter Tops Naple,(239) 431-8395,N/A
9,"Union Countertops, LLC",(239) 682-9492,N/A
10,Granite Naples 305 LLC,(239) 649-4609,N/A
11,"Carrara Kitchens & Baths, Inc.",(239) 260-1220,carrarakitchens@gmail.com
12,Exotic Stone Collection,(239) 596-3844,mail@exoticstonecollection.com
13,Naples StoneWork,(239) 596-4777,N/A
14,"Marble & Granite Pro of Naples, Inc.",(239) 315-7607,N/A
15,Ideal Kitchen & B,(239) 289-5000,N/A
16,Real Rock Compan,(239) 593-5087,N/A
17,"est Coast Stone Concepts, LLC.",(239) 596-9070,N/A
18,Gemini Stone,(239) 703-5237,N/A
19,"New Vision, Inc. Granite Countertop",(239) 289-9874,N/A
20,International Granite and Stone - Naple,(813) 957-9081,enter@emailhere.com
21,Palm Brothers Remodeling,(239) 331-9460,N/A
22,Gulf Coast Marble and Granite,(239) 825-3459,N/A
23,Alpha Stone Designs Inc,(239) 530-0400,N/A
24,ProSource of Naple,(904) 299-6508,N/A
25,"Marble.Com, Inc",(239) 430-4320,info@granite-marble.com
26,"JDL Construction, LLC",(239) 214-3440,N/A
27,Naples Kitchen Cabinetry and Design,(239) 643-5661,sales@kitchensbyclay.com
28,"Kitchen Studio of Naples, Inc.",(239) 331-5874,N/A
29,Set In Stone,(239) 566-8830,N/A
30,Kitchen and Bathroom Cabine,(239) 272-4551,N/A
31,Magic Surfaces Inc.,(239) 269-4819,N/A
32,Dt Countertop,(239) 877-1742,N/A
33,Cornerstone Builders of Southwest Flor,(239) 332-3020,N/A
34,Encore Luxury Cabinets & Design,(239) 331-5287,info@encorecabinetsdesign.com
35,Armando's Granite and Marble,(239) 300-4739,N/A
36,"Custom Cabinet Refacing of Naples, Inc.",(239) 353-2178,N/A
37,Ideal Cabinet Refacing of Naple,(239) 494-5010,N/A
38,Naples Kitchen & Design,(239) 961-1209,N/A
39,Flooring Galler,(239) 436-3640,N/A
40,Naples Kitchen Cabine,(239) 601-7975,info@napleskb.com
41,Marble & Granite Pro Of Naple,(239) 384-4550,N/A
42,Adria Marble and Granite,(914) 207-0953,N/A
43,Marble & Granite Expo Inc,(973) 427-5950,N/A
44,City Countertop,(929) 312-6150,citycountertops@gmail.com
45,Countertops NYC,(800) 634-2315,N/A
46,Contractor NYC,(212) 866-6320,clientsupport@houzz.com
47,Manhattan Renovation,(212) 685-6358,N/A
48,Foro Marble Compan,(718) 852-2322,joseph@foromarblecompany.com
49,Mega Marble,(800) 732-4311,N/A
50,NYG Cabinetry Inc,(718) 661-1999,nygcabinetry@gmail.com
51,Brooklyn Stone & Tile,(718) 510-9941,N/A
52,"Champion Home Remodeling, Llc",,N/A
53,IceStone u,(718) 624-4900,N/A
54,"Carmona Home Installation Services and Stone Countertop LLC - Residential Remodeling Service, Bathroom Remodel & Shower Tile Installation in Edison, NJ",(732) 314-4642,N/A
55,Marble Onyx Granite & Terrazzo Inc.,(718) 802-1512,carlo@marbleonyxny.com
56,Manhattan Center for Kitchen and B,(212) 995-0500,N/A
57,Golden I Construction INC,(212) 837-8117,N/A
58,llpro Kitchen Countertop,(718) 851-4446,N/A
59,Dawn General Contractor,(917) 418-9938,N/A
60,Tri State Marble & Tile,(914) 377-1100,info@tristatemarble.com
61,DNA Kitchen Cabinets Showroom,(718) 709-9030,N/A
62,Richmond granite,(718) 948-7866,N/A
63,East Coast Granite,(201) 951-1457,N/A
64,Geo's Marble & Granite,(347) 219-7123,N/A
65,NYKB: New York Kitchen & B,(212) 242-3500,N/A
66,"No More Dirt, Inc. - Tile and Grout Repair & Stone Polishing Contractor",(718) 836-4301,nomoredirtco@yahoo.com
67,NYC Marble Care | Manhattan,(888) 318-8990,N/A
68,DNA Kitchen Remodeling,(718) 878-6159,N/A
69,Elegant Kitchens And Home Design,(718) 967-7700,N/A
70,My Home Kitchen & B,(347) 899-8989,madhavi.bindroo@gmail.com
71,Marble Works Design Team Inc.,(914) 376-3653,N/A
72,DNA Kitchen Remodeling NYC,(888) 362-4459,N/A
73,Magnifique Kitchens & Baths Inc,(914) 297-2173,N/A
74,Adria Marble and Granite,(914) 207-0953,N/A
75,RRS Builders Corp.,(347) 733-2306,N/A
76,Dream Kitchens & B,(718) 273-6233,N/A
77,Expert Tile Inc,(212) 380-8857,experttileco@gmail.com
78,NYC Kitchen & B,(718) 417-3333,experttileco@gmail.com
79,Avo Construction,(212) 965-9300,N/A
80,Gurri Design + Remodel,(212) 734-2300,N/A
81,Hudson Valley Kitchen Design Center,(845) 615-9410,N/A
82,"Marble.com Granite Countertops Fabricators, Quartz Countertops, Marble, Quartzite, Slate & Soapstone",(201) 440-6779,N/A
83,ADK Contracting,(917) 254-2959,clientsupport@houzz.com
